[
    {
        "model": "metadata.metadatatranslation",
        "pk": 1,
        "fields": {
            "created_at": "2022-01-12T12:14:02.849Z",
            "updated_at": "2022-01-12T12:14:02.849Z",
            "nl": "Bron",
            "en": "Source",
            "is_fuzzy": false
        }
    },
    {
        "model": "metadata.metadatatranslation",
        "pk": 9,
        "fields": {
            "created_at": "2022-01-12T12:14:02.898Z",
            "updated_at": "2022-01-12T12:14:02.898Z",
            "nl": "Publicatiejaar",
            "en": "Publication year",
            "is_fuzzy": false
        }
    },
    {
        "model": "metadata.metadatatranslation",
        "pk": 30,
        "fields": {
            "created_at": "2022-01-12T12:14:03.013Z",
            "updated_at": "2022-01-12T12:14:03.013Z",
            "nl": "Publicatiedatum",
            "en": "Publication date",
            "is_fuzzy": false
        }
    },
    {
        "model": "metadata.metadatatranslation",
        "pk": 31,
        "fields": {
            "created_at": "2022-01-12T12:14:03.016Z",
            "updated_at": "2022-01-12T12:14:03.016Z",
            "nl": "Bestandstype",
            "en": "File type",
            "is_fuzzy": false
        }
    },
    {
        "model": "metadata.metadatatranslation",
        "pk": 43,
        "fields": {
            "created_at": "2022-01-12T12:14:03.094Z",
            "updated_at": "2022-01-12T12:14:03.094Z",
            "nl": "Bruikbaar als",
            "en": "Useable as",
            "is_fuzzy": false
        }
    },
    {
        "model": "metadata.metadatatranslation",
        "pk": 48,
        "fields": {
            "created_at": "2022-01-12T12:14:03.121Z",
            "updated_at": "2024-08-22T12:40:22.152Z",
            "nl": "Soort materiaal",
            "en": "Type of Material",
            "is_fuzzy": false
        }
    },
    {
        "model": "metadata.metadatatranslation",
        "pk": 81,
        "fields": {
            "created_at": "2022-01-12T12:14:03.306Z",
            "updated_at": "2022-01-12T12:14:03.306Z",
            "nl": "Uitgever",
            "en": "Publisher",
            "is_fuzzy": false
        }
    },
    {
        "model": "metadata.metadatatranslation",
        "pk": 180,
        "fields": {
            "created_at": "2022-01-12T12:14:03.881Z",
            "updated_at": "2022-01-12T12:14:03.881Z",
            "nl": "Samenwerkingsverband",
            "en": "Consortium",
            "is_fuzzy": false
        }
    },
    {
        "model": "metadata.metadatatranslation",
        "pk": 192,
        "fields": {
            "created_at": "2022-01-12T12:14:04.014Z",
            "updated_at": "2022-01-12T12:14:04.014Z",
            "nl": "Onderwijsniveau",
            "en": "Educational level",
            "is_fuzzy": false
        }
    },
    {
        "model": "metadata.metadatatranslation",
        "pk": 195,
        "fields": {
            "created_at": "2022-01-12T12:14:04.027Z",
            "updated_at": "2022-01-12T12:14:04.027Z",
            "nl": "Gebruiksrechten",
            "en": "Copyright",
            "is_fuzzy": false
        }
    },
    {
        "model": "metadata.metadatatranslation",
        "pk": 218,
        "fields": {
            "created_at": "2022-01-12T12:14:04.152Z",
            "updated_at": "2022-01-12T12:14:04.152Z",
            "nl": "Taal",
            "en": "Language",
            "is_fuzzy": false
        }
    },
    {
        "model": "metadata.metadatatranslation",
        "pk": 622,
        "fields": {
            "created_at": "2022-01-12T12:14:06.697Z",
            "updated_at": "2022-01-12T12:14:06.697Z",
            "nl": "Auteur",
            "en": "Author",
            "is_fuzzy": false
        }
    },
    {
        "model": "metadata.metadatatranslation",
        "pk": 3169,
        "fields": {
            "created_at": "2022-08-01T06:39:52.915Z",
            "updated_at": "2022-08-10T09:54:53.921Z",
            "nl": "Vakgebied",
            "en": "Discipline",
            "is_fuzzy": false
        }
    },
    {
        "model": "metadata.metadatatranslation",
        "pk": 3585,
        "fields": {
            "created_at": "2022-08-01T06:39:54.506Z",
            "updated_at": "2022-08-10T09:54:53.913Z",
            "nl": "Vakgebied",
            "en": "Discipline",
            "is_fuzzy": false
        }
    },
    {
        "model": "metadata.metadatatranslation",
        "pk": 9192,
        "fields": {
            "created_at": "2023-05-09T01:01:27.301Z",
            "updated_at": "2023-05-09T01:01:27.302Z",
            "nl": "vakvocabulaire",
            "en": "study_vocabulary",
            "is_fuzzy": true
        }
    },
    {
        "model": "metadata.metadatatranslation",
        "pk": 10687,
        "fields": {
            "created_at": "2024-04-22T08:44:05.380Z",
            "updated_at": "2024-08-22T11:07:15.745Z",
            "nl": "Publicatiejaar",
            "en": "Publication year",
            "is_fuzzy": false
        }
    },
    {
        "model": "metadata.metadatatranslation",
        "pk": 10953,
        "fields": {
            "created_at": "2024-09-30T07:33:23.081Z",
            "updated_at": "2024-09-30T07:33:23.081Z",
            "nl": "vakvocabulaire",
            "en": "study_vocabulary",
            "is_fuzzy": true
        }
    },
    {
        "model": "metadata.metadatatranslation",
        "pk": 10954,
        "fields": {
            "created_at": "2024-09-30T07:33:23.112Z",
            "updated_at": "2024-09-30T07:33:23.112Z",
            "nl": "Applied Science",
            "en": "Applied Science",
            "is_fuzzy": false
        }
    },
    {
        "model": "metadata.metadatatranslation",
        "pk": 11128,
        "fields": {
            "created_at": "2024-09-30T07:33:24.041Z",
            "updated_at": "2024-09-30T07:33:24.041Z",
            "nl": "Information Literacy",
            "en": "Information Literacy",
            "is_fuzzy": false
        }
    },
    {
        "model": "metadata.metadatatranslation",
        "pk": 11161,
        "fields": {
            "created_at": "2024-09-30T07:33:24.445Z",
            "updated_at": "2024-09-30T07:33:24.445Z",
            "nl": "Vaktherapie",
            "en": "Vaktherapie",
            "is_fuzzy": true
        }
    },
    {
        "model": "metadata.metadatatranslation",
        "pk": 11194,
        "fields": {
            "created_at": "2024-09-30T07:33:24.593Z",
            "updated_at": "2024-09-30T07:33:24.593Z",
            "nl": "Verpleegkunde",
            "en": "Nursing",
            "is_fuzzy": true
        }
    },
    {
        "model": "metadata.metadatatranslation",
        "pk": 11584,
        "fields": {
            "created_at": "2024-09-30T07:33:26.704Z",
            "updated_at": "2024-09-30T07:33:26.704Z",
            "nl": "ZIeZO Meten",
            "en": "ZIeZO Meten",
            "is_fuzzy": true
        }
    },
    {
        "model": "metadata.metadatatranslation",
        "pk": 11626,
        "fields": {
            "created_at": "2024-09-30T07:33:26.924Z",
            "updated_at": "2024-09-30T07:33:26.924Z",
            "nl": "Vakgebied",
            "en": "Discipline",
            "is_fuzzy": false
        }
    },
    {
        "model": "metadata.metadatatranslation",
        "pk": 11709,
        "fields": {
            "created_at": "2024-09-30T07:33:27.238Z",
            "updated_at": "2024-09-30T07:33:27.238Z",
            "nl": "published_at",
            "en": "published_at",
            "is_fuzzy": true
        }
    },
    {
        "model": "metadata.metadatatranslation",
        "pk": 11710,
        "fields": {
            "created_at": "2024-09-30T07:33:27.244Z",
            "updated_at": "2024-09-30T07:33:27.244Z",
            "nl": "modified_at",
            "en": "modified_at",
            "is_fuzzy": true
        }
    },
    {
        "model": "metadata.metadatatranslation",
        "pk": 11711,
        "fields": {
            "created_at": "2024-09-30T07:33:27.249Z",
            "updated_at": "2024-09-30T07:33:27.249Z",
            "nl": "Taal",
            "en": "Language",
            "is_fuzzy": false
        }
    },
    {
        "model": "metadata.metadatatranslation",
        "pk": 11720,
        "fields": {
            "created_at": "2024-09-30T07:33:27.290Z",
            "updated_at": "2024-09-30T07:33:27.290Z",
            "nl": "Gebruiksrechten",
            "en": "Copyright",
            "is_fuzzy": false
        }
    },
    {
        "model": "metadata.metadatatranslation",
        "pk": 11745,
        "fields": {
            "created_at": "2024-09-30T07:33:27.398Z",
            "updated_at": "2024-09-30T07:33:27.398Z",
            "nl": "Bestandstype",
            "en": "File type",
            "is_fuzzy": false
        }
    },
    {
        "model": "metadata.metadatafield",
        "pk": 1,
        "fields": {
            "name": "harvest_source",
            "entity": "products",
            "created_at": "2022-01-12T12:14:02.852Z",
            "updated_at": "2022-01-12T12:14:02.852Z",
            "translation": 1,
            "is_hidden": true,
            "is_manual": false,
            "english_as_dutch": false,
            "value_output_order": "frequency"
        }
    },
    {
        "model": "metadata.metadatafield",
        "pk": 2,
        "fields": {
            "name": "publisher_year",
            "entity": "products",
            "created_at": "2022-01-12T12:14:02.899Z",
            "updated_at": "2024-08-12T08:40:24.978Z",
            "translation": 9,
            "is_hidden": true,
            "is_manual": false,
            "english_as_dutch": false,
            "value_output_order": "frequency"
        }
    },
    {
        "model": "metadata.metadatafield",
        "pk": 3,
        "fields": {
            "name": "publisher_date",
            "entity": "products:multilingual-indices",
            "created_at": "2022-01-12T12:14:03.015Z",
            "updated_at": "2022-01-12T12:14:03.015Z",
            "translation": 30,
            "is_hidden": true,
            "is_manual": true,
            "english_as_dutch": false,
            "value_output_order": "frequency"
        }
    },
    {
        "model": "metadata.metadatafield",
        "pk": 4,
        "fields": {
            "name": "technical_type",
            "entity": "products:multilingual-indices",
            "created_at": "2022-01-12T12:14:03.017Z",
            "updated_at": "2022-01-12T12:14:03.017Z",
            "translation": 31,
            "is_hidden": false,
            "is_manual": false,
            "english_as_dutch": false,
            "value_output_order": "frequency"
        }
    },
    {
        "model": "metadata.metadatafield",
        "pk": 5,
        "fields": {
            "name": "aggregation_level",
            "entity": "products",
            "created_at": "2022-01-12T12:14:03.096Z",
            "updated_at": "2022-01-12T12:14:03.096Z",
            "translation": 43,
            "is_hidden": false,
            "is_manual": false,
            "english_as_dutch": false,
            "value_output_order": "frequency"
        }
    },
    {
        "model": "metadata.metadatafield",
        "pk": 6,
        "fields": {
            "name": "material_types",
            "entity": "products",
            "created_at": "2022-01-12T12:14:03.122Z",
            "updated_at": "2024-08-22T12:40:24.193Z",
            "translation": 48,
            "is_hidden": false,
            "is_manual": false,
            "english_as_dutch": false,
            "value_output_order": "frequency"
        }
    },
    {
        "model": "metadata.metadatafield",
        "pk": 7,
        "fields": {
            "name": "publishers.keyword",
            "entity": "products",
            "created_at": "2022-01-12T12:14:03.307Z",
            "updated_at": "2022-01-12T12:14:03.307Z",
            "translation": 81,
            "is_hidden": false,
            "is_manual": false,
            "english_as_dutch": true,
            "value_output_order": "frequency"
        }
    },
    {
        "model": "metadata.metadatafield",
        "pk": 8,
        "fields": {
            "name": "consortium.keyword",
            "entity": "products",
            "created_at": "2022-01-12T12:14:03.882Z",
            "updated_at": "2024-10-07T08:06:05.939Z",
            "translation": 180,
            "is_hidden": false,
            "is_manual": false,
            "english_as_dutch": true,
            "value_output_order": "frequency"
        }
    },
    {
        "model": "metadata.metadatafield",
        "pk": 9,
        "fields": {
            "name": "lom_educational_levels",
            "entity": "products",
            "created_at": "2022-01-12T12:14:04.015Z",
            "updated_at": "2022-01-12T12:14:04.015Z",
            "translation": 192,
            "is_hidden": false,
            "is_manual": false,
            "english_as_dutch": false,
            "value_output_order": "frequency"
        }
    },
    {
        "model": "metadata.metadatafield",
        "pk": 10,
        "fields": {
            "name": "copyright.keyword",
            "entity": "products:multilingual-indices",
            "created_at": "2022-01-12T12:14:04.028Z",
            "updated_at": "2022-01-12T12:14:04.028Z",
            "translation": 195,
            "is_hidden": false,
            "is_manual": false,
            "english_as_dutch": false,
            "value_output_order": "frequency"
        }
    },
    {
        "model": "metadata.metadatafield",
        "pk": 11,
        "fields": {
            "name": "language.keyword",
            "entity": "products:multilingual-indices",
            "created_at": "2022-01-12T12:14:04.153Z",
            "updated_at": "2022-02-16T10:46:03.680Z",
            "translation": 218,
            "is_hidden": false,
            "is_manual": false,
            "english_as_dutch": false,
            "value_output_order": "frequency"
        }
    },
    {
        "model": "metadata.metadatafield",
        "pk": 13,
        "fields": {
            "name": "authors.name.keyword",
            "entity": "products",
            "created_at": "2022-01-12T12:14:06.698Z",
            "updated_at": "2022-01-12T12:14:06.698Z",
            "translation": 622,
            "is_hidden": false,
            "is_manual": false,
            "english_as_dutch": true,
            "value_output_order": "frequency"
        }
    },
    {
        "model": "metadata.metadatafield",
        "pk": 17,
        "fields": {
            "name": "disciplines",
            "entity": "products",
            "created_at": "2022-08-01T06:39:52.916Z",
            "updated_at": "2024-09-04T11:39:01.208Z",
            "translation": 3169,
            "is_hidden": true,
            "is_manual": false,
            "english_as_dutch": false,
            "value_output_order": "frequency"
        }
    },
    {
        "model": "metadata.metadatafield",
        "pk": 18,
        "fields": {
            "name": "learning_material_disciplines_normalized",
            "entity": "products:multilingual-indices",
            "created_at": "2022-08-01T06:39:54.507Z",
            "updated_at": "2022-08-01T09:50:11.897Z",
            "translation": 3585,
            "is_hidden": false,
            "is_manual": false,
            "english_as_dutch": false,
            "value_output_order": "frequency"
        }
    },
    {
        "model": "metadata.metadatafield",
        "pk": 19,
        "fields": {
            "name": "study_vocabulary",
            "entity": "products:multilingual-indices",
            "created_at": "2023-05-09T01:01:27.397Z",
            "updated_at": "2024-04-22T08:59:38.895Z",
            "translation": 9192,
            "is_hidden": false,
            "is_manual": false,
            "english_as_dutch": false,
            "value_output_order": "manual"
        }
    },
    {
        "model": "metadata.metadatafield",
        "pk": 20,
        "fields": {
            "name": "publisher_year_normalized",
            "entity": "products",
            "created_at": "2024-04-22T08:44:30.579Z",
            "updated_at": "2024-08-22T11:07:17.601Z",
            "translation": 10687,
            "is_hidden": false,
            "is_manual": false,
            "english_as_dutch": false,
            "value_output_order": "manual"
        }
    },
    {
        "model": "metadata.metadatafield",
        "pk": 21,
        "fields": {
            "name": "study_vocabulary.keyword",
            "entity": "products:default",
            "created_at": "2024-09-30T07:33:23.085Z",
            "updated_at": "2024-09-30T07:33:23.085Z",
            "translation": 10953,
            "is_hidden": false,
            "is_manual": false,
            "english_as_dutch": false,
            "value_output_order": "manual"
        }
    },
    {
        "model": "metadata.metadatafield",
        "pk": 22,
        "fields": {
            "name": "disciplines_normalized.keyword",
            "entity": "products:default",
            "created_at": "2024-09-30T07:33:26.926Z",
            "updated_at": "2024-09-30T07:33:26.926Z",
            "translation": 11626,
            "is_hidden": false,
            "is_manual": false,
            "english_as_dutch": false,
            "value_output_order": "frequency"
        }
    },
    {
        "model": "metadata.metadatafield",
        "pk": 23,
        "fields": {
            "name": "published_at",
            "entity": "products:default",
            "created_at": "2024-09-30T07:33:27.240Z",
            "updated_at": "2024-09-30T07:33:27.240Z",
            "translation": 11709,
            "is_hidden": true,
            "is_manual": true,
            "english_as_dutch": false,
            "value_output_order": "frequency"
        }
    },
    {
        "model": "metadata.metadatafield",
        "pk": 24,
        "fields": {
            "name": "modified_at",
            "entity": "products:default",
            "created_at": "2024-09-30T07:33:27.247Z",
            "updated_at": "2024-09-30T07:33:27.247Z",
            "translation": 11710,
            "is_hidden": true,
            "is_manual": true,
            "english_as_dutch": false,
            "value_output_order": "frequency"
        }
    },
    {
        "model": "metadata.metadatafield",
        "pk": 25,
        "fields": {
            "name": "language",
            "entity": "products:default",
            "created_at": "2024-09-30T07:33:27.251Z",
            "updated_at": "2024-09-30T07:33:27.251Z",
            "translation": 11711,
            "is_hidden": false,
            "is_manual": false,
            "english_as_dutch": false,
            "value_output_order": "frequency"
        }
    },
    {
        "model": "metadata.metadatafield",
        "pk": 26,
        "fields": {
            "name": "licenses",
            "entity": "products:default",
            "created_at": "2024-09-30T07:33:27.292Z",
            "updated_at": "2024-09-30T07:33:27.292Z",
            "translation": 11720,
            "is_hidden": false,
            "is_manual": false,
            "english_as_dutch": false,
            "value_output_order": "frequency"
        }
    },
    {
        "model": "metadata.metadatafield",
        "pk": 27,
        "fields": {
            "name": "technical_types",
            "entity": "products:default",
            "created_at": "2024-09-30T07:33:27.400Z",
            "updated_at": "2024-09-30T07:33:27.400Z",
            "translation": 11745,
            "is_hidden": false,
            "is_manual": false,
            "english_as_dutch": false,
            "value_output_order": "frequency"
        }
    },
    {
        "model": "metadata.metadatavalue",
        "pk": 10916,
        "fields": {
            "name": "applied-science",
            "created_at": "2024-09-30T07:33:23.113Z",
            "updated_at": "2024-10-07T10:30:02.980Z",
            "deleted_at": null,
            "field": 21,
            "value": "applied-science",
            "translation": 10954,
            "frequency": 5,
            "parent": null,
            "is_manual": true,
            "is_hidden": false,
            "lft": 1,
            "rght": 348,
            "tree_id": 1074,
            "level": 0
        }
    },
    {
        "model": "metadata.metadatavalue",
        "pk": 11090,
        "fields": {
            "name": "informatievaardigheid",
            "created_at": "2024-09-30T07:33:24.042Z",
            "updated_at": "2024-10-07T10:30:04.995Z",
            "deleted_at": null,
            "field": 21,
            "value": "informatievaardigheid",
            "translation": 11128,
            "frequency": 517,
            "parent": null,
            "is_manual": true,
            "is_hidden": false,
            "lft": 1,
            "rght": 66,
            "tree_id": 2143,
            "level": 0
        }
    },
    {
        "model": "metadata.metadatavalue",
        "pk": 11123,
        "fields": {
            "name": "vaktherapie",
            "created_at": "2024-09-30T07:33:24.446Z",
            "updated_at": "2024-10-07T10:30:06.811Z",
            "deleted_at": null,
            "field": 21,
            "value": "vaktherapie",
            "translation": 11161,
            "frequency": 61,
            "parent": null,
            "is_manual": true,
            "is_hidden": false,
            "lft": 1,
            "rght": 66,
            "tree_id": 3662,
            "level": 0
        }
    },
    {
        "model": "metadata.metadatavalue",
        "pk": 11156,
        "fields": {
            "name": "verpleegkunde",
            "created_at": "2024-09-30T07:33:24.593Z",
            "updated_at": "2024-10-07T10:30:07.246Z",
            "deleted_at": null,
            "field": 21,
            "value": "verpleegkunde",
            "translation": 11194,
            "frequency": 798,
            "parent": null,
            "is_manual": true,
            "is_hidden": false,
            "lft": 1,
            "rght": 780,
            "tree_id": 3683,
            "level": 0
        }
    },
    {
        "model": "metadata.metadatavalue",
        "pk": 11546,
        "fields": {
            "name": "ziezo-meten",
            "created_at": "2024-09-30T07:33:26.704Z",
            "updated_at": "2024-10-07T10:30:07.750Z",
            "deleted_at": null,
            "field": 21,
            "value": "ziezo-meten",
            "translation": 11584,
            "frequency": 72,
            "parent": null,
            "is_manual": true,
            "is_hidden": false,
            "lft": 1,
            "rght": 84,
            "tree_id": 3803,
            "level": 0
        }
    }
]
